{
    "resources": [
        {
            "name": "view/InitialDialog.fragment.xml"
        },
        {
            "name": "view/History.view.xml"
        },
        {
            "name": "view/ObjectNotFound.view.xml"
        },
        {
            "name": "view/ShoppingOut.view.xml"
        },
        {
            "name": "view/App.view.xml"
        },
        {
            "name": "view/ShoppingCart.fragment.xml"
        },
        {
            "name": "view/ValueHp.fragment.xml"
        },
        {
            "name": "view/Confirm.view.xml"
        },
        {
            "name": "view/ValueHelpTtr.fragment.xml"
        },
        {
            "name": "view/Object.view.xml"
        },
        {
            "name": "view/NotFound.view.xml"
        },
        {
            "name": "view/ttrFilter.fragment.xml"
        },
        {
            "name": "view/pDialog.fragment.xml"
        },
        {
            "name": "view/ValueHelp.fragment.xml"
        },
        {
            "name": "view/AddNonTrack.fragment.xml"
        },
        {
            "name": "view/Worklist.view.xml"
        },
        {
            "name": "view/changeDialog.fragment.xml"
        },
        {
            "name": "view/createdbyFilter.fragment.xml"
        },
        {
            "name": "Component.js"
        },
        {
            "name": "test.html"
        },
        {
            "name": "model/formatter.js"
        },
        {
            "name": "model/models.js"
        },
        {
            "name": "i18n/i18n.properties",
            "raw": "i18n/i18n.properties"
        },
        {
            "name": "controller/Object.controller.js"
        },
        {
            "name": "controller/BaseController.js"
        },
        {
            "name": "controller/NotFound.controller.js"
        },
        {
            "name": "controller/History.controller.js"
        },
        {
            "name": "controller/Worklist.controller.js"
        },
        {
            "name": "controller/ErrorHandler.js"
        },
        {
            "name": "controller/Confirm.controller.js"
        },
        {
            "name": "controller/ShoppingOut.controller.js"
        },
        {
            "name": "controller/App.controller.js"
        },
        {
            "name": "localService/mockserver.js"
        },
        {
            "name": "localService/metadata.xml"
        },
        {
            "name": "test/flpSandbox.html"
        },
        {
            "name": "test/integration/AllJourneys.js"
        },
        {
            "name": "test/integration/FLPIntegrationJourney.js"
        },
        {
            "name": "test/integration/NavigationJourney.js"
        },
        {
            "name": "test/integration/pages/NotFound.js"
        },
        {
            "name": "test/integration/pages/App.js"
        },
        {
            "name": "test/integration/pages/Worklist.js"
        },
        {
            "name": "test/integration/pages/shareOptions.js"
        },
        {
            "name": "test/integration/pages/Browser.js"
        },
        {
            "name": "test/integration/pages/Common.js"
        },
        {
            "name": "test/integration/pages/Object.js"
        },
        {
            "name": "test/integration/WorklistJourney.js"
        },
        {
            "name": "test/integration/opaTests.qunit.html"
        },
        {
            "name": "test/integration/NotFoundJourney.js"
        },
        {
            "name": "test/integration/ObjectJourney.js"
        },
        {
            "name": "test/testsuite.qunit.html"
        },
        {
            "name": "test/flpSandboxMockServer.html"
        },
        {
            "name": "test/unit/unitTests.qunit.html"
        },
        {
            "name": "test/unit/helper/FakeI18nModel.js"
        },
        {
            "name": "test/unit/model/models.js"
        },
        {
            "name": "test/unit/model/formatter.js"
        },
        {
            "name": "test/unit/controller/Worklist.controller.js"
        },
        {
            "name": "test/unit/controller/App.controller.js"
        },
        {
            "name": "test/unit/allTests.js"
        },
        {
            "name": "manifest.json"
        },
        {
            "name": "Component-preload.js",
            "merged": true
        },
        {
            "name": "neo-app.json"
        }
    ]
}