{
  "run": [
    {
      "filePath": "/Component.js",
      "previewMode": 1,
      "dataMode": 1,
      "workspace": "withoutWorkspace",
      "ui5ActiveVersion": null,
      "ui5VerSource": null,
      "isDefaultVersion": 0,
      "urlParameters": [
        {
          "paramName": "",
          "paramValue": ""
        }
      ],
      "hashParameter": "",
      "backendSystem": [
        {
          "source": "GW",
          "destinations": "GW"
        }
      ],
      "_metadata": {
        "id": 7990572,
        "runnerId": "fiorirunner",
        "displayName": "Run Component.js",
        "lastRunTimeStamp": 1524768715123
      }
    }
  ]
}