{
  "mockpreview": {
    "mockUri": "",
    "metadataFilePath": "",
    "loadJSONFiles": false,
    "loadCustomRequests": false,
    "mockRequestsFilePath": ""
  },
  "deploy": {
    "destination": "GW",
    "name": "ZFIR_MM_FR"
  },
  "projectType": [
    "sap.watt.uitools.ide.fiori",
    "com.watt.common.builder.sapui5clientbuild"
  ],
  "build": {
    "buildRequired": true,
    "targetFolder": "dist",
    "lastBuildDateTime": "Fri, 20 Apr 2018 16:10:04 GMT"
  },
  "hcpdeploy": {
    "account": "dc3bb1c18",
    "name": "zfirmmfr",
    "lastVersionWeTriedToDeploy": "1.0.2"
  }
}