{
    "resources": [
        {
            "name": "controller/ErrorHandler.js"
        },
        {
            "name": "controller/BaseController.js"
        },
        {
            "name": "controller/Worklist.controller.js"
        },
        {
            "name": "controller/Object.controller.js"
        },
        {
            "name": "controller/App.controller.js"
        },
        {
            "name": "controller/NotFound.controller.js"
        },
        {
            "name": ".project.json"
        },
        {
            "name": "Component-preload.js",
            "merged": true
        },
        {
            "name": "model/formatter.js"
        },
        {
            "name": "model/models.js"
        },
        {
            "name": "view/wbsSearch.fragment.xml"
        },
        {
            "name": "view/cartage.fragment.xml"
        },
        {
            "name": "view/ObjectNotFound.view.xml"
        },
        {
            "name": "view/Worklist.view.xml"
        },
        {
            "name": "view/attachment.fragment.xml"
        },
        {
            "name": "view/App.view.xml"
        },
        {
            "name": "view/NotFound.view.xml"
        },
        {
            "name": "view/cartageL.fragment.xml"
        },
        {
            "name": "view/Object.view.xml"
        },
        {
            "name": "view/internationalValues.fragment.xml"
        },
        {
            "name": ".user.project.json"
        },
        {
            "name": "resources.json",
            "merged": true
        },
        {
            "name": "images/PDlogo.png"
        },
        {
            "name": "i18n/i18n.properties",
            "raw": "i18n/i18n.properties"
        },
        {
            "name": "manifest.json"
        },
        {
            "name": "neo-app.json"
        },
        {
            "name": "Component.js"
        },
        {
            "name": "localService/mockserver.js"
        },
        {
            "name": "localService/metadata.xml"
        }
    ]
}