{
  "mockpreview": {
    "mockUri": "/sap/opu/odata/sap/ZMM_ODATA_CSES_V2_SRV",
    "metadataFilePath": "",
    "loadJSONFiles": false,
    "loadCustomRequests": false,
    "mockRequestsFilePath": ""
  },
  "deploy": {
    "destination": "GW",
    "name": "ZFIR_MM_SES_V2"
  },
  "projectType": [
    "sap.watt.uitools.ide.fiori",
    "com.watt.common.builder.sapui5clientbuild"
  ],
  "build": {
    "buildRequired": false,
    "targetFolder": "dist",
    "lastBuildDateTime": "Thu, 26 Apr 2018 19:58:00 GMT"
  },
  "generation": [
    {
      "templateId": "servicecatalog.connectivityComponent",
      "templateVersion": "0.0.0",
      "dateTimeStamp": "Thu, 05 Apr 2018 20:00:23 GMT"
    }
  ]
}