<edmx:Edmx
    xmlns:edmx="http://schemas.microsoft.com/ado/2007/06/edmx"
    xmlns:m="http://schemas.microsoft.com/ado/2007/08/dataservices/metadata"
    xmlns:sap="http://www.sap.com/Protocols/SAPData" Version="1.0">
    <edmx:DataServices m:DataServiceVersion="2.0">
        <Schema
            xmlns="http://schemas.microsoft.com/ado/2008/09/edm" Namespace="ZCA_ODATA_USRDEF_NEW_SRV" xml:lang="en" sap:schema-version="1">
            <EntityType Name="Userdef" sap:content-version="1">
                <Key>
                    <PropertyRef Name="Rig"/>
                </Key>
                <Property Name="Rig" Type="Edm.String" Nullable="false" MaxLength="4" sap:unicode="false" sap:label="Rig number" sap:creatable="false" sap:updatable="false" sap:sortable="false" sap:filterable="false"/>
            </EntityType>
            <EntityType Name="TileInfo" sap:content-version="1">
                <Key>
                    <PropertyRef Name="title"/>
                </Key>
                <Property Name="icon" Type="Edm.String" Nullable="false" MaxLength="40" sap:unicode="false" sap:label="Text, 40 Characters Long" sap:creatable="false" sap:updatable="false" sap:sortable="false" sap:filterable="false"/>
                <Property Name="info" Type="Edm.String" Nullable="false" MaxLength="40" sap:unicode="false" sap:label="Text, 40 Characters Long" sap:creatable="false" sap:updatable="false" sap:sortable="false" sap:filterable="false"/>
                <Property Name="infoState" Type="Edm.String" Nullable="false" MaxLength="40" sap:unicode="false" sap:label="Text, 40 Characters Long" sap:creatable="false" sap:updatable="false" sap:sortable="false" sap:filterable="false"/>
                <Property Name="number" Type="Edm.String" Nullable="false" MaxLength="40" sap:unicode="false" sap:label="Text, 40 Characters Long" sap:creatable="false" sap:updatable="false" sap:sortable="false" sap:filterable="false"/>
                <Property Name="numberDigits" Type="Edm.String" Nullable="false" MaxLength="40" sap:unicode="false" sap:label="Text, 40 Characters Long" sap:creatable="false" sap:updatable="false" sap:sortable="false" sap:filterable="false"/>
                <Property Name="numberFactor" Type="Edm.String" Nullable="false" MaxLength="40" sap:unicode="false" sap:label="Text, 40 Characters Long" sap:creatable="false" sap:updatable="false" sap:sortable="false" sap:filterable="false"/>
                <Property Name="numberState" Type="Edm.String" Nullable="false" MaxLength="40" sap:unicode="false" sap:label="Text, 40 Characters Long" sap:creatable="false" sap:updatable="false" sap:sortable="false" sap:filterable="false"/>
                <Property Name="numberUnit" Type="Edm.String" Nullable="false" MaxLength="40" sap:unicode="false" sap:label="Text, 40 Characters Long" sap:creatable="false" sap:updatable="false" sap:sortable="false" sap:filterable="false"/>
                <Property Name="stateArrow" Type="Edm.String" Nullable="false" MaxLength="40" sap:unicode="false" sap:label="Text, 40 Characters Long" sap:creatable="false" sap:updatable="false" sap:sortable="false" sap:filterable="false"/>
                <Property Name="subtitle" Type="Edm.String" Nullable="false" MaxLength="40" sap:unicode="false" sap:label="Text, 40 Characters Long" sap:creatable="false" sap:updatable="false" sap:sortable="false" sap:filterable="false"/>
                <Property Name="targetParams" Type="Edm.String" Nullable="false" MaxLength="40" sap:unicode="false" sap:label="Text, 40 Characters Long" sap:creatable="false" sap:updatable="false" sap:sortable="false" sap:filterable="false"/>
                <Property Name="title" Type="Edm.String" Nullable="false" MaxLength="40" sap:unicode="false" sap:label="Text, 40 Characters Long" sap:creatable="false" sap:updatable="false" sap:sortable="false" sap:filterable="false"/>
            </EntityType>
            <EntityContainer Name="ZCA_ODATA_USRDEF_NEW_SRV_Entities" m:IsDefaultEntityContainer="true" sap:supported-formats="atom json xlsx">
                <EntitySet Name="UserdefSet" EntityType="ZCA_ODATA_USRDEF_NEW_SRV.Userdef" sap:creatable="false" sap:updatable="false" sap:deletable="false" sap:pageable="false" sap:content-version="1"/>
                <EntitySet Name="TileInfoSet" EntityType="ZCA_ODATA_USRDEF_NEW_SRV.TileInfo" sap:creatable="false" sap:updatable="false" sap:deletable="false" sap:pageable="false" sap:content-version="1"/>
            </EntityContainer>
            <atom:link
                xmlns:atom="http://www.w3.org/2005/Atom" rel="self" href="./sap/ZCA_ODATA_USRDEF_NEW_SRV/$metadata"/>
                <atom:link
                    xmlns:atom="http://www.w3.org/2005/Atom" rel="latest-version" href="./sap/ZCA_ODATA_USRDEF_NEW_SRV/$metadata"/>
                </Schema>
            </edmx:DataServices>
        </edmx:Edmx>