{
  "mockpreview": {
    "mockUri": "/sap/opu/odata/sap/ZMM_ODATA_PR_NEW_SRV",
    "metadataFilePath": "",
    "loadJSONFiles": false,
    "loadCustomRequests": false,
    "mockRequestsFilePath": ""
  },
  "deploy": {
    "destination": "GW",
    "name": "ZMM_FIR_CPR"
  },
  "projectType": [
    "sap.watt.uitools.ide.fiori",
    "com.watt.common.builder.sapui5clientbuild"
  ],
  "build": {
    "buildRequired": false,
    "targetFolder": "dist",
    "lastBuildDateTime": "Thu, 05 Apr 2018 20:39:27 GMT"
  },
  "generation": [
    {
      "templateId": "servicecatalog.connectivityComponent",
      "templateVersion": "0.0.0",
      "dateTimeStamp": "Mon, 26 Feb 2018 14:14:20 GMT"
    }
  ],
  "hcpdeploy": {
    "account": "dc3bb1c18",
    "name": "zmmfircpr",
    "lastVersionWeTriedToDeploy": "1.0.0"
  }
}