{
    "resources": [
        {
            "name": "images/PDlogo.png"
        },
        {
            "name": "css/style.css"
        },
        {
            "name": "Component-preload.js",
            "merged": true
        },
        {
            "name": "controller/Detail.controller.js"
        },
        {
            "name": "controller/App.controller.js"
        },
        {
            "name": "controller/Favorite.controller.js"
        },
        {
            "name": "controller/Master.controller.js"
        },
        {
            "name": "controller/PreviousRequisitions.controller.js"
        },
        {
            "name": "controller/CreateItem.controller.js"
        },
        {
            "name": "controller/BaseController.js"
        },
        {
            "name": "controller/ShoppingCart.controller.js"
        },
        {
            "name": "controller/Sample.controller.js"
        },
        {
            "name": "controller/ErrorHandler.js"
        },
        {
            "name": "controller/ListSelector.js"
        },
        {
            "name": "Component.js"
        },
        {
            "name": "manifest.json"
        },
        {
            "name": "localService/metadata.xml"
        },
        {
            "name": "localService/mockserver.js"
        },
        {
            "name": ".user.project.json"
        },
        {
            "name": "neo-app.json"
        },
        {
            "name": "view/Sample.view.xml"
        },
        {
            "name": "view/Master.view.xml"
        },
        {
            "name": "view/CreateItem.view.xml"
        },
        {
            "name": "view/DetailNoObjectsAvailable.view.xml"
        },
        {
            "name": "view/ShoppingCart.view.xml"
        },
        {
            "name": "view/Favorite.view.xml"
        },
        {
            "name": "view/NotFound.view.xml"
        },
        {
            "name": "view/DetailObjectNotFound.view.xml"
        },
        {
            "name": "view/fragment/pDialog.fragment.xml"
        },
        {
            "name": "view/fragment/matmasterFilter.fragment.xml"
        },
        {
            "name": "view/fragment/Attachment.fragment.xml"
        },
        {
            "name": "view/fragment/AttachmentDialog.fragment.xml"
        },
        {
            "name": "view/fragment/createdbyFilter.fragment.xml"
        },
        {
            "name": "view/fragment/Sorter.fragment.xml"
        },
        {
            "name": "view/fragment/ValueHelp.fragment.xml"
        },
        {
            "name": "view/fragment/qckViewFavorite.fragment.xml"
        },
        {
            "name": "view/fragment/CatalogDialog.fragment.xml"
        },
        {
            "name": "view/fragment/QuickView.fragment.xml"
        },
        {
            "name": "view/fragment/pdfForm.fragment.xml"
        },
        {
            "name": "view/fragment/ViewSettingsDialog.fragment.xml"
        },
        {
            "name": "view/fragment/EquipmentList.fragment.xml"
        },
        {
            "name": "view/fragment/EquipmentDialog.fragment.xml"
        },
        {
            "name": "view/fragment/ShoppingCart.fragment.xml"
        },
        {
            "name": "view/PreviousRequisitions.view.xml"
        },
        {
            "name": "view/App.view.xml"
        },
        {
            "name": "view/Detail.view.xml"
        },
        {
            "name": "resources.json",
            "merged": true
        },
        {
            "name": "i18n/i18n.properties",
            "raw": "i18n/i18n.properties"
        },
        {
            "name": "model/models.js"
        },
        {
            "name": "model/formatter.js"
        },
        {
            "name": ".project.json"
        },
        {
            "name": "utils/formatter.js"
        }
    ]
}