{
  "run": [
    {
      "filePath": "/Component.js",
      "previewMode": 0,
      "dataMode": 1,
      "workspace": "withoutWorkspace",
      "ui5ActiveVersion": null,
      "ui5VerSource": null,
      "isDefaultVersion": 0,
      "urlParameters": [
        {
          "paramName": "",
          "paramValue": ""
        }
      ],
      "hashParameter": "",
      "backendSystem": [
        {
          "source": "GW_DEV",
          "destinations": "GW_DEV"
        }
      ],
      "_metadata": {
        "id": 4922796,
        "runnerId": "fiorirunner",
        "displayName": "Mike's Configuration",
        "lastRunTimeStamp": 1525460270274
      }
    },
    {
      "filePath": "/Component.js",
      "previewMode": 1,
      "dataMode": 1,
      "workspace": "withoutWorkspace",
      "ui5ActiveVersion": null,
      "ui5VerSource": null,
      "isDefaultVersion": 0,
      "urlParameters": [
        {
          "paramName": "",
          "paramValue": ""
        }
      ],
      "hashParameter": "",
      "backendSystem": [
        {
          "source": "GW_DEV",
          "destinations": "GW_DEV"
        }
      ],
      "appsVersion": [],
      "_metadata": {
        "id": 2027997,
        "runnerId": "fiorirunner",
        "displayName": "Run Component.js",
        "lastRunTimeStamp": 1520291427098
      }
    }
  ]
}