{
    "resources": [
        {
            "name": ".project.json"
        },
        {
            "name": "Component-preload.js",
            "merged": true
        },
        {
            "name": "i18n/i18n.properties",
            "raw": "i18n/i18n.properties"
        },
        {
            "name": "localService/mockserver.js"
        },
        {
            "name": "localService/metadata.xml"
        },
        {
            "name": "model/formatter.js"
        },
        {
            "name": "model/models.js"
        },
        {
            "name": "Component.js"
        },
        {
            "name": "resources.json",
            "merged": true
        },
        {
            "name": "neo-app.json"
        },
        {
            "name": ".user.project.json"
        },
        {
            "name": "controller/Detail.controller.js"
        },
        {
            "name": "controller/Master.controller.js"
        },
        {
            "name": "controller/ListSelector.js"
        },
        {
            "name": "controller/App.controller.js"
        },
        {
            "name": "controller/ErrorHandler.js"
        },
        {
            "name": "controller/BaseController.js"
        },
        {
            "name": "view/NotFound.view.xml"
        },
        {
            "name": "view/Master.view.xml"
        },
        {
            "name": "view/Detail.view.xml"
        },
        {
            "name": "view/DetailObjectNotFound.view.xml"
        },
        {
            "name": "view/App.view.xml"
        },
        {
            "name": "view/DetailNoObjectsAvailable.view.xml"
        },
        {
            "name": "view/ViewSettingsDialog.fragment.xml"
        },
        {
            "name": "manifest.json"
        }
    ]
}