<edmx:Edmx
    xmlns:edmx="http://schemas.microsoft.com/ado/2007/06/edmx"
    xmlns:m="http://schemas.microsoft.com/ado/2007/08/dataservices/metadata"
    xmlns:sap="http://www.sap.com/Protocols/SAPData" Version="1.0">
    <edmx:DataServices m:DataServiceVersion="2.0">
        <Schema
            xmlns="http://schemas.microsoft.com/ado/2008/09/edm" Namespace="ZMM_ODATA_FUEL_RECPT_ISSUE_SRV" xml:lang="en" sap:schema-version="1">
            <EntityType Name="Vendor" sap:content-version="1">
                <Key>
                    <PropertyRef Name="Lifnr"/>
                </Key>
                <Property Name="Lifnr" Type="Edm.String" Nullable="false" MaxLength="10" sap:unicode="false" sap:label="Vendor" sap:creatable="false" sap:updatable="false" sap:sortable="false" sap:filterable="false"/>
                <Property Name="Name1" Type="Edm.String" Nullable="false" MaxLength="30" sap:unicode="false" sap:label="Name 1" sap:creatable="false" sap:updatable="false" sap:sortable="false" sap:filterable="false"/>
            </EntityType>
            <EntityType Name="RecptType" sap:content-version="1">
                <Key>
                    <PropertyRef Name="ReceiptType"/>
                </Key>
                <Property Name="ReceiptDesc" Type="Edm.String" Nullable="false" MaxLength="20" sap:unicode="false" sap:label="receipt description" sap:creatable="false" sap:updatable="false" sap:sortable="false" sap:filterable="false"/>
                <Property Name="ReceiptType" Type="Edm.String" Nullable="false" MaxLength="1" sap:unicode="false" sap:label="receipt type" sap:creatable="false" sap:updatable="false" sap:sortable="false" sap:filterable="false"/>
            </EntityType>
            <EntityType Name="RigLoc" sap:content-version="1">
                <Key>
                    <PropertyRef Name="Location"/>
                </Key>
                <Property Name="Location" Type="Edm.String" Nullable="false" MaxLength="5" sap:unicode="false" sap:label="Location code" sap:creatable="false" sap:updatable="false" sap:sortable="false" sap:filterable="false"/>
                <Property Name="Description" Type="Edm.String" Nullable="false" MaxLength="30" sap:unicode="false" sap:label="Location description" sap:creatable="false" sap:updatable="false" sap:sortable="false" sap:filterable="false"/>
            </EntityType>
            <EntityType Name="RigNo" sap:content-version="1">
                <Key>
                    <PropertyRef Name="Bname"/>
                    <PropertyRef Name="Parid"/>
                </Key>
                <Property Name="Bname" Type="Edm.String" Nullable="false" MaxLength="12" sap:unicode="false" sap:label="User" sap:creatable="false" sap:updatable="false" sap:sortable="false" sap:filterable="false"/>
                <Property Name="Parid" Type="Edm.String" Nullable="false" MaxLength="20" sap:unicode="false" sap:label="Parameter ID" sap:creatable="false" sap:updatable="false" sap:sortable="false" sap:filterable="false"/>
                <Property Name="Parva" Type="Edm.String" Nullable="false" MaxLength="40" sap:unicode="false" sap:label="Parameter value" sap:creatable="false" sap:updatable="false" sap:sortable="false" sap:filterable="false"/>
            </EntityType>
            <EntityType Name="RigStorageLoc" sap:content-version="1">
                <Key>
                    <PropertyRef Name="Lgobe"/>
                    <PropertyRef Name="Lgort"/>
                </Key>
                <Property Name="Lgobe" Type="Edm.String" Nullable="false" MaxLength="20" sap:unicode="false" sap:label="Description" sap:creatable="false" sap:updatable="false" sap:sortable="false" sap:filterable="false"/>
                <Property Name="ReceiptType" Type="Edm.String" Nullable="false" MaxLength="1" sap:unicode="false" sap:label="receipt type" sap:creatable="false" sap:updatable="false" sap:sortable="false" sap:filterable="false"/>
                <Property Name="Lgort" Type="Edm.String" Nullable="false" MaxLength="20" sap:unicode="false" sap:label="Stor. location" sap:creatable="false" sap:updatable="false" sap:sortable="false" sap:filterable="false"/>
                <Property Name="Matnr" Type="Edm.String" Nullable="false" MaxLength="40" sap:unicode="false" sap:label="Material" sap:creatable="false" sap:updatable="false" sap:sortable="false" sap:filterable="false"/>
            </EntityType>
            <EntityType Name="RigTypes" sap:content-version="1">
                <Key>
                    <PropertyRef Name="Rigtype"/>
                </Key>
                <Property Name="Rigtype" Type="Edm.String" Nullable="false" MaxLength="4" sap:unicode="false" sap:label="Rig type" sap:creatable="false" sap:updatable="false" sap:sortable="false" sap:filterable="false"/>
                <Property Name="Description" Type="Edm.String" Nullable="false" MaxLength="20" sap:unicode="false" sap:label="Rig type description" sap:creatable="false" sap:updatable="false" sap:sortable="false" sap:filterable="false"/>
            </EntityType>
            <EntityType Name="Header" sap:content-version="1">
                <Key>
                    <PropertyRef Name="Ebeln"/>
                </Key>
                <Property Name="Ebeln" Type="Edm.String" Nullable="false" MaxLength="10" sap:unicode="false" sap:label="Purchasing Doc." sap:creatable="false" sap:updatable="false" sap:sortable="false" sap:filterable="false"/>
                <Property Name="Location" Type="Edm.String" Nullable="false" MaxLength="5" sap:unicode="false" sap:label="location code" sap:creatable="false" sap:updatable="false" sap:sortable="false" sap:filterable="false"/>
                <Property Name="MoveStloc" Type="Edm.String" Nullable="false" MaxLength="4" sap:unicode="false" sap:label="Receiving SLoc." sap:creatable="false" sap:updatable="false" sap:sortable="false" sap:filterable="false"/>
                <Property Name="ReceiptType" Type="Edm.String" Nullable="false" MaxLength="1" sap:unicode="false" sap:label="Receipt Type" sap:creatable="false" sap:updatable="false" sap:sortable="false" sap:filterable="false"/>
                <Property Name="ManagedFuel" Type="Edm.String" Nullable="false" MaxLength="1" sap:unicode="false" sap:label="manage fuel" sap:creatable="false" sap:updatable="false" sap:sortable="false" sap:filterable="false"/>
                <Property Name="Bsart" Type="Edm.String" Nullable="false" MaxLength="4" sap:unicode="false" sap:label="Order Type" sap:creatable="false" sap:updatable="false" sap:sortable="false" sap:filterable="false"/>
                <Property Name="NonManagedFuel" Type="Edm.String" Nullable="false" MaxLength="1" sap:unicode="false" sap:label="non managed fuel" sap:creatable="false" sap:updatable="false" sap:sortable="false" sap:filterable="false"/>
                <Property Name="MoveType" Type="Edm.String" Nullable="false" MaxLength="3" sap:unicode="false" sap:label="Movement type" sap:creatable="false" sap:updatable="false" sap:sortable="false" sap:filterable="false"/>
                <Property Name="ReturnToSupp" Type="Edm.String" Nullable="false" MaxLength="1" sap:unicode="false" sap:label="return to supplier" sap:creatable="false" sap:updatable="false" sap:sortable="false" sap:filterable="false"/>
                <Property Name="PstngDate" Type="Edm.DateTime" Precision="0" sap:unicode="false" sap:label="Posting Date in the Document" sap:creatable="false" sap:updatable="false" sap:sortable="false" sap:filterable="false"/>
                <Property Name="TransferToRig" Type="Edm.String" Nullable="false" MaxLength="1" sap:unicode="false" sap:label="transfer to rig" sap:creatable="false" sap:updatable="false" sap:sortable="false" sap:filterable="false"/>
                <Property Name="DocDate" Type="Edm.DateTime" Precision="0" sap:unicode="false" sap:label="Document Date in Document" sap:creatable="false" sap:updatable="false" sap:sortable="false" sap:filterable="false"/>
                <Property Name="Lifnr" Type="Edm.String" Nullable="false" MaxLength="10" sap:unicode="false" sap:label="Vendor" sap:creatable="false" sap:updatable="false" sap:sortable="false" sap:filterable="false"/>
                <Property Name="Ekgrp" Type="Edm.String" Nullable="false" MaxLength="3" sap:unicode="false" sap:label="Purch. Group" sap:creatable="false" sap:updatable="false" sap:sortable="false" sap:filterable="false"/>
                <Property Name="HeaderTxt" Type="Edm.String" Nullable="false" MaxLength="25" sap:unicode="false" sap:label="Doc.Header Text" sap:creatable="false" sap:updatable="false" sap:sortable="false" sap:filterable="false"/>
                <NavigationProperty Name="ItemsSet" Relationship="ZMM_ODATA_FUEL_RECPT_ISSUE_SRV.HeaderToItem" FromRole="FromRole_HeaderToItem" ToRole="ToRole_HeaderToItem"/>
            </EntityType>
            <EntityType Name="Items" sap:content-version="1">
                <Key>
                    <PropertyRef Name="Ebeln"/>
                    <PropertyRef Name="Ebelp"/>
                </Key>
                <Property Name="CartageAmount" Type="Edm.Decimal" Nullable="false" Precision="11" Scale="2" sap:unicode="false" sap:label="cartage amount" sap:creatable="false" sap:updatable="false" sap:sortable="false" sap:filterable="false"/>
                <Property Name="Lgort" Type="Edm.String" Nullable="false" MaxLength="20" sap:unicode="false" sap:label="storage location" sap:creatable="false" sap:updatable="false" sap:sortable="false" sap:filterable="false"/>
                <Property Name="Qty" Type="Edm.Decimal" Nullable="false" Precision="13" Scale="3" sap:unicode="false" sap:label="PO Quantity" sap:creatable="false" sap:updatable="false" sap:sortable="false" sap:filterable="false"/>
                <Property Name="MoveToWbs" Type="Edm.String" Nullable="false" MaxLength="24" sap:unicode="false" sap:label="WBS element" sap:creatable="false" sap:updatable="false" sap:sortable="false" sap:filterable="false"/>
                <Property Name="Chargeto" Type="Edm.String" Nullable="false" MaxLength="1" sap:unicode="false" sap:label="Charge to" sap:creatable="false" sap:updatable="false" sap:sortable="false" sap:filterable="false"/>
                <Property Name="Mtart" Type="Edm.String" Nullable="false" MaxLength="4" sap:unicode="false" sap:label="Material type" sap:creatable="false" sap:updatable="false" sap:sortable="false" sap:filterable="false"/>
                <Property Name="OperationType" Type="Edm.String" Nullable="false" MaxLength="20" sap:unicode="false" sap:label="Operation Type" sap:creatable="false" sap:updatable="false" sap:sortable="false" sap:filterable="false"/>
                <Property Name="Ebeln" Type="Edm.String" Nullable="false" MaxLength="10" sap:unicode="false" sap:label="Purchasing Doc." sap:creatable="false" sap:updatable="false" sap:sortable="false" sap:filterable="false"/>
                <Property Name="Wellsection" Type="Edm.String" Nullable="false" MaxLength="15" sap:unicode="false" sap:label="Well Section" sap:creatable="false" sap:updatable="false" sap:sortable="false" sap:filterable="false"/>
                <Property Name="Diameter" Type="Edm.String" Nullable="false" MaxLength="10" sap:unicode="false" sap:label="Diameter" sap:creatable="false" sap:updatable="false" sap:sortable="false" sap:filterable="false"/>
                <Property Name="Ebelp" Type="Edm.String" Nullable="false" MaxLength="5" sap:unicode="false" sap:label="PO Item number" sap:creatable="false" sap:updatable="false" sap:sortable="false" sap:filterable="false"/>
                <Property Name="Matnr" Type="Edm.String" Nullable="false" MaxLength="40" sap:unicode="false" sap:label="Material" sap:creatable="false" sap:updatable="false" sap:sortable="false" sap:filterable="false"/>
                <Property Name="Menge" Type="Edm.Decimal" Nullable="false" Precision="13" Scale="3" sap:unicode="false" sap:label="Quantity" sap:creatable="false" sap:updatable="false" sap:sortable="false" sap:filterable="false"/>
                <Property Name="Lgobe" Type="Edm.String" Nullable="false" MaxLength="20" sap:unicode="false" sap:label="Stor. Location" sap:creatable="false" sap:updatable="false" sap:sortable="false" sap:filterable="false"/>
            </EntityType>
            <EntityType Name="Material" sap:content-version="1">
                <Key>
                    <PropertyRef Name="Matnr"/>
                </Key>
                <Property Name="Matnr" Type="Edm.String" Nullable="false" MaxLength="40" sap:unicode="false" sap:label="Material" sap:creatable="false" sap:updatable="false" sap:sortable="false" sap:filterable="false"/>
                <Property Name="Cartage" Type="Edm.String" Nullable="false" MaxLength="1" sap:unicode="false" sap:label="Cartage Material" sap:creatable="false" sap:updatable="false" sap:sortable="false" sap:filterable="false"/>
                <Property Name="Meins" Type="Edm.String" Nullable="false" MaxLength="3" sap:unicode="false" sap:label="Base Unit" sap:creatable="false" sap:updatable="false" sap:sortable="false" sap:filterable="false" sap:semantics="unit-of-measure"/>
                <Property Name="Mtart" Type="Edm.String" Nullable="false" MaxLength="4" sap:unicode="false" sap:label="Material type" sap:creatable="false" sap:updatable="false" sap:sortable="false" sap:filterable="false"/>
                <Property Name="ReceiptType" Type="Edm.String" Nullable="false" MaxLength="1" sap:unicode="false" sap:label="Receipt type" sap:creatable="false" sap:updatable="false" sap:sortable="false" sap:filterable="false"/>
                <Property Name="NonManagedFuel" Type="Edm.String" Nullable="false" MaxLength="1" sap:unicode="false" sap:label="non managed fuel indicator" sap:creatable="false" sap:updatable="false" sap:sortable="false" sap:filterable="false"/>
                <Property Name="Maktx" Type="Edm.String" Nullable="false" MaxLength="40" sap:unicode="false" sap:label="Description" sap:creatable="false" sap:updatable="false" sap:sortable="false" sap:filterable="false"/>
                <Property Name="Lgort" Type="Edm.String" Nullable="false" MaxLength="4" sap:unicode="false" sap:label="Stor. location" sap:creatable="false" sap:updatable="false" sap:sortable="false" sap:filterable="false"/>
                <Property Name="Labst" Type="Edm.Decimal" Nullable="false" Precision="13" Scale="3" sap:unicode="false" sap:label="Unrestricted" sap:creatable="false" sap:updatable="false" sap:sortable="false" sap:filterable="false"/>
                <Property Name="Location" Type="Edm.String" Nullable="false" MaxLength="5" sap:unicode="false" sap:label="location" sap:creatable="false" sap:updatable="false" sap:sortable="false" sap:filterable="false"/>
                <Property Name="Rigtype" Type="Edm.String" Nullable="false" MaxLength="4" sap:unicode="false" sap:label="rig type" sap:creatable="false" sap:updatable="false" sap:sortable="false" sap:filterable="false"/>
            </EntityType>
            <EntityType Name="wellsection" sap:content-version="1">
                <Key>
                    <PropertyRef Name="Wellsection"/>
                </Key>
                <Property Name="Wellsection" Type="Edm.String" Nullable="false" MaxLength="20" sap:unicode="false" sap:label="well section/stage" sap:creatable="false" sap:updatable="false" sap:sortable="false" sap:filterable="false"/>
            </EntityType>
            <EntityType Name="welldiameter" sap:content-version="1">
                <Key>
                    <PropertyRef Name="Diameter"/>
                </Key>
                <Property Name="Diameter" Type="Edm.String" Nullable="false" MaxLength="10" sap:unicode="false" sap:label="Well Diameter" sap:creatable="false" sap:updatable="false" sap:sortable="false" sap:filterable="false"/>
            </EntityType>
            <EntityType Name="Operations" sap:content-version="1">
                <Key>
                    <PropertyRef Name="OperationType"/>
                </Key>
                <Property Name="OperationType" Type="Edm.String" Nullable="false" MaxLength="20" sap:unicode="false" sap:label="Operation Type" sap:creatable="false" sap:updatable="false" sap:sortable="false" sap:filterable="false"/>
            </EntityType>
            <EntityType Name="chargeto" sap:content-version="1">
                <Key>
                    <PropertyRef Name="Chargeto"/>
                </Key>
                <Property Name="Chargeto" Type="Edm.String" Nullable="false" MaxLength="1" sap:unicode="false" sap:label="Charge to" sap:creatable="false" sap:updatable="false" sap:sortable="false" sap:filterable="false"/>
                <Property Name="Chargetodesc" Type="Edm.String" Nullable="false" MaxLength="15" sap:unicode="false" sap:label="Charge to description" sap:creatable="false" sap:updatable="false" sap:sortable="false" sap:filterable="false"/>
            </EntityType>
            <Association Name="HeaderToItem" sap:content-version="1">
                <End Type="ZMM_ODATA_FUEL_RECPT_ISSUE_SRV.Header" Multiplicity="1" Role="FromRole_HeaderToItem"/>
                <End Type="ZMM_ODATA_FUEL_RECPT_ISSUE_SRV.Items" Multiplicity="*" Role="ToRole_HeaderToItem"/>
                <ReferentialConstraint>
                    <Principal Role="FromRole_HeaderToItem">
                        <PropertyRef Name="Ebeln"/>
                    </Principal>
                    <Dependent Role="ToRole_HeaderToItem">
                        <PropertyRef Name="Ebeln"/>
                    </Dependent>
                </ReferentialConstraint>
            </Association>
            <EntityContainer Name="ZMM_ODATA_FUEL_RECPT_ISSUE_SRV_Entities" m:IsDefaultEntityContainer="true" sap:supported-formats="atom json xlsx">
                <EntitySet Name="VendorSet" EntityType="ZMM_ODATA_FUEL_RECPT_ISSUE_SRV.Vendor" sap:creatable="false" sap:updatable="false" sap:deletable="false" sap:pageable="false" sap:content-version="1"/>
                <EntitySet Name="RecptTypeSet" EntityType="ZMM_ODATA_FUEL_RECPT_ISSUE_SRV.RecptType" sap:creatable="false" sap:updatable="false" sap:deletable="false" sap:pageable="false" sap:content-version="1"/>
                <EntitySet Name="RigLocSet" EntityType="ZMM_ODATA_FUEL_RECPT_ISSUE_SRV.RigLoc" sap:creatable="false" sap:updatable="false" sap:deletable="false" sap:pageable="false" sap:content-version="1"/>
                <EntitySet Name="RigNoSet" EntityType="ZMM_ODATA_FUEL_RECPT_ISSUE_SRV.RigNo" sap:creatable="false" sap:updatable="false" sap:deletable="false" sap:pageable="false" sap:content-version="1"/>
                <EntitySet Name="RigStorageLocSet" EntityType="ZMM_ODATA_FUEL_RECPT_ISSUE_SRV.RigStorageLoc" sap:creatable="false" sap:updatable="false" sap:deletable="false" sap:pageable="false" sap:content-version="1"/>
                <EntitySet Name="RigTypesSet" EntityType="ZMM_ODATA_FUEL_RECPT_ISSUE_SRV.RigTypes" sap:creatable="false" sap:updatable="false" sap:deletable="false" sap:pageable="false" sap:content-version="1"/>
                <EntitySet Name="HeaderSet" EntityType="ZMM_ODATA_FUEL_RECPT_ISSUE_SRV.Header" sap:creatable="false" sap:updatable="false" sap:deletable="false" sap:pageable="false" sap:content-version="1"/>
                <EntitySet Name="ItemsSet" EntityType="ZMM_ODATA_FUEL_RECPT_ISSUE_SRV.Items" sap:creatable="false" sap:updatable="false" sap:deletable="false" sap:pageable="false" sap:content-version="1"/>
                <EntitySet Name="MaterialSet" EntityType="ZMM_ODATA_FUEL_RECPT_ISSUE_SRV.Material" sap:creatable="false" sap:updatable="false" sap:deletable="false" sap:pageable="false" sap:content-version="1"/>
                <EntitySet Name="wellsectionSet" EntityType="ZMM_ODATA_FUEL_RECPT_ISSUE_SRV.wellsection" sap:creatable="false" sap:updatable="false" sap:deletable="false" sap:pageable="false" sap:content-version="1"/>
                <EntitySet Name="welldiameterSet" EntityType="ZMM_ODATA_FUEL_RECPT_ISSUE_SRV.welldiameter" sap:creatable="false" sap:updatable="false" sap:deletable="false" sap:pageable="false" sap:content-version="1"/>
                <EntitySet Name="OperationsSet" EntityType="ZMM_ODATA_FUEL_RECPT_ISSUE_SRV.Operations" sap:creatable="false" sap:updatable="false" sap:deletable="false" sap:pageable="false" sap:content-version="1"/>
                <EntitySet Name="chargetoSet" EntityType="ZMM_ODATA_FUEL_RECPT_ISSUE_SRV.chargeto" sap:creatable="false" sap:updatable="false" sap:deletable="false" sap:pageable="false" sap:content-version="1"/>
                <AssociationSet Name="HeaderToItemSet" Association="ZMM_ODATA_FUEL_RECPT_ISSUE_SRV.HeaderToItem" sap:creatable="false" sap:updatable="false" sap:deletable="false" sap:content-version="1">
                    <End EntitySet="HeaderSet" Role="FromRole_HeaderToItem"/>
                    <End EntitySet="ItemsSet" Role="ToRole_HeaderToItem"/>
                </AssociationSet>
            </EntityContainer>
            <atom:link
                xmlns:atom="http://www.w3.org/2005/Atom" rel="self" href="https://webide-c7aff1152.dispatcher.ap1.hana.ondemand.com/destinations/GW/sap/opu/odata/sap/ZMM_ODATA_FUEL_RECPT_ISSUE_SRV/$metadata"/>
                <atom:link
                    xmlns:atom="http://www.w3.org/2005/Atom" rel="latest-version" href="https://webide-c7aff1152.dispatcher.ap1.hana.ondemand.com/destinations/GW/sap/opu/odata/sap/ZMM_ODATA_FUEL_RECPT_ISSUE_SRV/$metadata"/>
                </Schema>
            </edmx:DataServices>
        </edmx:Edmx>