<edmx:Edmx
    xmlns:edmx="http://schemas.microsoft.com/ado/2007/06/edmx"
    xmlns:m="http://schemas.microsoft.com/ado/2007/08/dataservices/metadata"
    xmlns:sap="http://www.sap.com/Protocols/SAPData" Version="1.0">
    <edmx:DataServices m:DataServiceVersion="2.0">
        <Schema
            xmlns="http://schemas.microsoft.com/ado/2008/09/edm" Namespace="ZEAM_RIG_INFO_SRV" xml:lang="en" sap:schema-version="1">
            <EntityType Name="ContactInfo" sap:content-version="1">
                <Key>
                    <PropertyRef Name="Rigno"/>
                </Key>
                <Property Name="Bukrs" Type="Edm.String" Nullable="false" MaxLength="4" sap:unicode="false" sap:label="Company Code" sap:creatable="false" sap:updatable="false" sap:sortable="false" sap:filterable="false"/>
                <Property Name="Rigno" Type="Edm.String" Nullable="false" MaxLength="4" sap:unicode="false" sap:label="Rig No." sap:creatable="false" sap:updatable="false" sap:sortable="false"/>
                <Property Name="Jobno" Type="Edm.String" Nullable="false" MaxLength="4" sap:unicode="false" sap:label="Job Number" sap:creatable="false" sap:updatable="false"/>
                <Property Name="Status" Type="Edm.String" Nullable="false" sap:unicode="false" sap:label="STATUS" sap:creatable="false" sap:updatable="false" sap:sortable="false" sap:filterable="false"/>
                <Property Name="Reportdate" Type="Edm.DateTime" Nullable="false" Precision="7" sap:unicode="false" sap:label="Report date" sap:creatable="false" sap:updatable="false" sap:sortable="false"/>
                <Property Name="Fldsupname" Type="Edm.String" Nullable="false" sap:unicode="false" sap:label="FLDSUPNAME" sap:creatable="false" sap:updatable="false" sap:sortable="false" sap:filterable="false"/>
                <Property Name="Fldsupmainphone" Type="Edm.String" Nullable="false" sap:unicode="false" sap:label="FLDSUPMAINPHONE" sap:creatable="false" sap:updatable="false" sap:sortable="false" sap:filterable="false"/>
                <Property Name="Fldsupcellphone" Type="Edm.String" Nullable="false" sap:unicode="false" sap:label="FLDSUPCELLPHONE" sap:creatable="false" sap:updatable="false" sap:sortable="false" sap:filterable="false"/>
                <Property Name="Rigman1name" Type="Edm.String" Nullable="false" sap:unicode="false" sap:label="RIGMAN1NAME" sap:creatable="false" sap:updatable="false" sap:sortable="false" sap:filterable="false"/>
                <Property Name="Rigman1mainphone" Type="Edm.String" Nullable="false" sap:unicode="false" sap:label="RIGMAN1MAINPHONE" sap:creatable="false" sap:updatable="false" sap:sortable="false" sap:filterable="false"/>
                <Property Name="Rigman1cellphone" Type="Edm.String" Nullable="false" sap:unicode="false" sap:label="RIGMAN1CELLPHONE" sap:creatable="false" sap:updatable="false" sap:sortable="false" sap:filterable="false"/>
                <Property Name="Rigman2name" Type="Edm.String" Nullable="false" sap:unicode="false" sap:label="RIGMAN2NAME" sap:creatable="false" sap:updatable="false" sap:sortable="false" sap:filterable="false"/>
                <Property Name="Rigman2mainphone" Type="Edm.String" Nullable="false" sap:unicode="false" sap:label="RIGMAN2MAINPHONE" sap:creatable="false" sap:updatable="false" sap:sortable="false" sap:filterable="false"/>
                <Property Name="Rigman2cellphone" Type="Edm.String" Nullable="false" sap:unicode="false" sap:label="RIGMAN2CELLPHONE" sap:creatable="false" sap:updatable="false" sap:sortable="false" sap:filterable="false"/>
                <Property Name="Alternateph" Type="Edm.String" Nullable="false" sap:unicode="false" sap:label="ALTERNATEPH" sap:creatable="false" sap:updatable="false" sap:sortable="false" sap:filterable="false"/>
                <Property Name="Foremanname" Type="Edm.String" Nullable="false" sap:unicode="false" sap:label="FOREMANNAME" sap:creatable="false" sap:updatable="false" sap:sortable="false" sap:filterable="false"/>
                <Property Name="Foremanmainph" Type="Edm.String" Nullable="false" sap:unicode="false" sap:label="FOREMANMAINPH" sap:creatable="false" sap:updatable="false" sap:sortable="false" sap:filterable="false"/>
                <Property Name="Foremancellph" Type="Edm.String" Nullable="false" sap:unicode="false" sap:label="FOREMANCELLPH" sap:creatable="false" sap:updatable="false" sap:sortable="false" sap:filterable="false"/>
            </EntityType>
            <EntityContainer Name="ZEAM_RIG_INFO_SRV_Entities" m:IsDefaultEntityContainer="true" sap:supported-formats="atom json xlsx">
                <EntitySet Name="ContactInfoSet" EntityType="ZEAM_RIG_INFO_SRV.ContactInfo" sap:creatable="false" sap:updatable="false" sap:deletable="false" sap:pageable="false" sap:content-version="1"/>
            </EntityContainer>
            <atom:link
                xmlns:atom="http://www.w3.org/2005/Atom" rel="self" href="https://webide-c7aff1152.dispatcher.ap1.hana.ondemand.com/destinations/GW/sap/opu/odata/sap/ZEAM_RIG_INFO_SRV/$metadata"/>
                <atom:link
                    xmlns:atom="http://www.w3.org/2005/Atom" rel="latest-version" href="https://webide-c7aff1152.dispatcher.ap1.hana.ondemand.com/destinations/GW/sap/opu/odata/sap/ZEAM_RIG_INFO_SRV/$metadata"/>
                </Schema>
            </edmx:DataServices>
        </edmx:Edmx>