{
    "resources": [
        {
            "name": "model/models.js"
        },
        {
            "name": "model/formatter.js"
        },
        {
            "name": "view/AddItem.fragment.xml"
        },
        {
            "name": "view/SRf4.fragment.xml"
        },
        {
            "name": "view/Detail.view.xml"
        },
        {
            "name": "view/LFf4.fragment.xml"
        },
        {
            "name": "view/POf4.fragment.xml"
        },
        {
            "name": "view/Master.view.xml"
        },
        {
            "name": "view/SLf4.fragment.xml"
        },
        {
            "name": "view/RemoveItem.fragment.xml"
        },
        {
            "name": "Component.js"
        },
        {
            "name": "i18n/i18n.properties",
            "raw": "i18n/i18n.properties"
        },
        {
            "name": "manifest.json"
        },
        {
            "name": ".user.project.json"
        },
        {
            "name": "css/style.css"
        },
        {
            "name": "index.html"
        },
        {
            "name": "Component-preload.js",
            "merged": true
        },
        {
            "name": "controller/Master.controller.js"
        },
        {
            "name": "controller/Detail.controller.js"
        },
        {
            "name": "resources.json",
            "merged": true
        },
        {
            "name": ".project.json"
        },
        {
            "name": "neo-app.json"
        }
    ]
}